,FC_measure,band,frm,to,r
0,aec,1-delta,.1973WilsonCowan,.1973WilsonCowan,1.0
1,plv,1-delta,.1973WilsonCowan,.1973WilsonCowan,0.9999999999999999
2,aec,2-theta,.1973WilsonCowan,.1973WilsonCowan,1.0
3,plv,2-theta,.1973WilsonCowan,.1973WilsonCowan,1.0
4,aec,3-alfa,.1973WilsonCowan,.1973WilsonCowan,1.0
5,plv,3-alfa,.1973WilsonCowan,.1973WilsonCowan,0.9999999999999999
6,aec,4-beta,.1973WilsonCowan,.1973WilsonCowan,1.0
7,plv,4-beta,.1973WilsonCowan,.1973WilsonCowan,1.0
8,aec,5-gamma,.1973WilsonCowan,.1973WilsonCowan,0.9999999999999999
9,plv,5-gamma,.1973WilsonCowan,.1973WilsonCowan,0.9999999999999999
10,aec,1-delta,.1973WilsonCowan,FC_subj02,-0.017227535568698743
11,plv,1-delta,.1973WilsonCowan,FC_subj02,0.030449087953948507
12,aec,2-theta,.1973WilsonCowan,FC_subj02,0.05270050636795675
13,plv,2-theta,.1973WilsonCowan,FC_subj02,0.08009879036858733
14,aec,3-alfa,.1973WilsonCowan,FC_subj02,0.03916327351715052
15,plv,3-alfa,.1973WilsonCowan,FC_subj02,0.11217692491881019
16,aec,4-beta,.1973WilsonCowan,FC_subj02,0.057633858460184484
17,plv,4-beta,.1973WilsonCowan,FC_subj02,0.10908265717894033
18,aec,5-gamma,.1973WilsonCowan,FC_subj02,0.05279879330900455
19,plv,5-gamma,.1973WilsonCowan,FC_subj02,0.05176908723396549
20,aec,1-delta,.1973WilsonCowan,FC_subj03,-0.027067420565298376
21,plv,1-delta,.1973WilsonCowan,FC_subj03,0.0022574613624951946
22,aec,2-theta,.1973WilsonCowan,FC_subj03,0.01599118789170917
23,plv,2-theta,.1973WilsonCowan,FC_subj03,0.07376965985152234
24,aec,3-alfa,.1973WilsonCowan,FC_subj03,0.05020780634466791
25,plv,3-alfa,.1973WilsonCowan,FC_subj03,0.17567047680163186
26,aec,4-beta,.1973WilsonCowan,FC_subj03,-0.008164520736246782
27,plv,4-beta,.1973WilsonCowan,FC_subj03,0.13654658231934677
28,aec,5-gamma,.1973WilsonCowan,FC_subj03,0.05375048334701513
29,plv,5-gamma,.1973WilsonCowan,FC_subj03,0.04439190862511897
30,aec,1-delta,.1973WilsonCowan,FC_subj04,-0.023425582838386774
31,plv,1-delta,.1973WilsonCowan,FC_subj04,0.03318048267300814
32,aec,2-theta,.1973WilsonCowan,FC_subj04,0.033942812614177996
33,plv,2-theta,.1973WilsonCowan,FC_subj04,0.07273364763113407
34,aec,3-alfa,.1973WilsonCowan,FC_subj04,0.03552176185572836
35,plv,3-alfa,.1973WilsonCowan,FC_subj04,0.12184357146177
36,aec,4-beta,.1973WilsonCowan,FC_subj04,0.05857607320063875
37,plv,4-beta,.1973WilsonCowan,FC_subj04,0.1317976553877663
38,aec,5-gamma,.1973WilsonCowan,FC_subj04,0.04596997267958811
39,plv,5-gamma,.1973WilsonCowan,FC_subj04,0.0698792578030025
40,aec,1-delta,.1973WilsonCowan,FC_subj05,0.047972910849778345
41,plv,1-delta,.1973WilsonCowan,FC_subj05,0.032118636053923455
42,aec,2-theta,.1973WilsonCowan,FC_subj05,0.02606952778194418
43,plv,2-theta,.1973WilsonCowan,FC_subj05,0.11633021502590395
44,aec,3-alfa,.1973WilsonCowan,FC_subj05,0.05022998397505034
45,plv,3-alfa,.1973WilsonCowan,FC_subj05,0.1688208023306636
46,aec,4-beta,.1973WilsonCowan,FC_subj05,-0.008482026344398298
47,plv,4-beta,.1973WilsonCowan,FC_subj05,0.10053142121921298
48,aec,5-gamma,.1973WilsonCowan,FC_subj05,0.03864520353961181
49,plv,5-gamma,.1973WilsonCowan,FC_subj05,0.035680339524859904
50,aec,1-delta,.1973WilsonCowan,FC_subj06,0.07524875806097456
51,plv,1-delta,.1973WilsonCowan,FC_subj06,0.027727696220175516
52,aec,2-theta,.1973WilsonCowan,FC_subj06,0.02446103901580481
53,plv,2-theta,.1973WilsonCowan,FC_subj06,0.1063931361261432
54,aec,3-alfa,.1973WilsonCowan,FC_subj06,0.04909285723823621
55,plv,3-alfa,.1973WilsonCowan,FC_subj06,0.1871870603821501
56,aec,4-beta,.1973WilsonCowan,FC_subj06,0.03623176159117002
57,plv,4-beta,.1973WilsonCowan,FC_subj06,0.13227946233085672
58,aec,5-gamma,.1973WilsonCowan,FC_subj06,0.05572249554600296
59,plv,5-gamma,.1973WilsonCowan,FC_subj06,0.04382251673886052
60,aec,1-delta,.1973WilsonCowan,FC_subj07,-0.014347587161438255
61,plv,1-delta,.1973WilsonCowan,FC_subj07,0.03637373551022839
62,aec,2-theta,.1973WilsonCowan,FC_subj07,0.03620372248267887
63,plv,2-theta,.1973WilsonCowan,FC_subj07,0.11307050392834822
64,aec,3-alfa,.1973WilsonCowan,FC_subj07,0.04019090589258969
65,plv,3-alfa,.1973WilsonCowan,FC_subj07,0.15926753616328998
66,aec,4-beta,.1973WilsonCowan,FC_subj07,0.013166642499367325
67,plv,4-beta,.1973WilsonCowan,FC_subj07,0.1410961499696714
68,aec,5-gamma,.1973WilsonCowan,FC_subj07,0.06775758967396242
69,plv,5-gamma,.1973WilsonCowan,FC_subj07,0.0520080093103401
70,aec,1-delta,.1973WilsonCowan,FC_subj08,-0.01751934339416078
71,plv,1-delta,.1973WilsonCowan,FC_subj08,0.03474240388600969
72,aec,2-theta,.1973WilsonCowan,FC_subj08,0.0573840701921296
73,plv,2-theta,.1973WilsonCowan,FC_subj08,0.07035724585598836
74,aec,3-alfa,.1973WilsonCowan,FC_subj08,0.055082595859113216
75,plv,3-alfa,.1973WilsonCowan,FC_subj08,0.1277553440854662
76,aec,4-beta,.1973WilsonCowan,FC_subj08,0.03797276565637868
77,plv,4-beta,.1973WilsonCowan,FC_subj08,0.10263785715922331
78,aec,5-gamma,.1973WilsonCowan,FC_subj08,0.04061950260112183
79,plv,5-gamma,.1973WilsonCowan,FC_subj08,0.030953625627474654
80,aec,1-delta,.1973WilsonCowan,FC_subj09,-0.002466221415914649
81,plv,1-delta,.1973WilsonCowan,FC_subj09,0.03327607356345507
82,aec,2-theta,.1973WilsonCowan,FC_subj09,0.018932921712735445
83,plv,2-theta,.1973WilsonCowan,FC_subj09,0.11160200706029479
84,aec,3-alfa,.1973WilsonCowan,FC_subj09,0.013886473173358668
85,plv,3-alfa,.1973WilsonCowan,FC_subj09,0.16670004479407793
86,aec,4-beta,.1973WilsonCowan,FC_subj09,0.064504344587296
87,plv,4-beta,.1973WilsonCowan,FC_subj09,0.13179452578188808
88,aec,5-gamma,.1973WilsonCowan,FC_subj09,0.06939590751943982
89,plv,5-gamma,.1973WilsonCowan,FC_subj09,0.03540724126572765
90,aec,1-delta,.1973WilsonCowan,FC_subj10,-0.02673186265480354
91,plv,1-delta,.1973WilsonCowan,FC_subj10,0.02686785970208894
92,aec,2-theta,.1973WilsonCowan,FC_subj10,0.020080486313398045
93,plv,2-theta,.1973WilsonCowan,FC_subj10,0.10856922510796889
94,aec,3-alfa,.1973WilsonCowan,FC_subj10,0.038836291513357005
95,plv,3-alfa,.1973WilsonCowan,FC_subj10,0.17651438991448523
96,aec,4-beta,.1973WilsonCowan,FC_subj10,0.061134119238398205
97,plv,4-beta,.1973WilsonCowan,FC_subj10,0.1336411066612913
98,aec,5-gamma,.1973WilsonCowan,FC_subj10,0.037973452164138485
99,plv,5-gamma,.1973WilsonCowan,FC_subj10,0.03529343020351008
100,aec,1-delta,FC_subj02,.1973WilsonCowan,-0.017227535568698743
101,plv,1-delta,FC_subj02,.1973WilsonCowan,0.03044908795394851
102,aec,2-theta,FC_subj02,.1973WilsonCowan,0.05270050636795675
103,plv,2-theta,FC_subj02,.1973WilsonCowan,0.08009879036858733
104,aec,3-alfa,FC_subj02,.1973WilsonCowan,0.03916327351715052
105,plv,3-alfa,FC_subj02,.1973WilsonCowan,0.11217692491881019
106,aec,4-beta,FC_subj02,.1973WilsonCowan,0.057633858460184484
107,plv,4-beta,FC_subj02,.1973WilsonCowan,0.10908265717894035
108,aec,5-gamma,FC_subj02,.1973WilsonCowan,0.05279879330900455
109,plv,5-gamma,FC_subj02,.1973WilsonCowan,0.05176908723396549
110,aec,1-delta,FC_subj02,FC_subj02,1.0
111,plv,1-delta,FC_subj02,FC_subj02,0.9999999999999998
112,aec,2-theta,FC_subj02,FC_subj02,1.0
113,plv,2-theta,FC_subj02,FC_subj02,1.0
114,aec,3-alfa,FC_subj02,FC_subj02,1.0
115,plv,3-alfa,FC_subj02,FC_subj02,1.0
116,aec,4-beta,FC_subj02,FC_subj02,1.0
117,plv,4-beta,FC_subj02,FC_subj02,1.0
118,aec,5-gamma,FC_subj02,FC_subj02,1.0
119,plv,5-gamma,FC_subj02,FC_subj02,1.0
120,aec,1-delta,FC_subj02,FC_subj03,0.5825607078968588
121,plv,1-delta,FC_subj02,FC_subj03,0.6838449403639154
122,aec,2-theta,FC_subj02,FC_subj03,0.5692010359216062
123,plv,2-theta,FC_subj02,FC_subj03,0.6999068507787668
124,aec,3-alfa,FC_subj02,FC_subj03,0.5866601142255625
125,plv,3-alfa,FC_subj02,FC_subj03,0.7039557322683276
126,aec,4-beta,FC_subj02,FC_subj03,0.4190384720961462
127,plv,4-beta,FC_subj02,FC_subj03,0.7073529584802808
128,aec,5-gamma,FC_subj02,FC_subj03,0.5490893753964584
129,plv,5-gamma,FC_subj02,FC_subj03,0.7036823643661824
130,aec,1-delta,FC_subj02,FC_subj04,0.6303917945666685
131,plv,1-delta,FC_subj02,FC_subj04,0.7153087816979797
132,aec,2-theta,FC_subj02,FC_subj04,0.6169882846516496
133,plv,2-theta,FC_subj02,FC_subj04,0.7233354572293387
134,aec,3-alfa,FC_subj02,FC_subj04,0.5561238756250239
135,plv,3-alfa,FC_subj02,FC_subj04,0.7171748252110407
136,aec,4-beta,FC_subj02,FC_subj04,0.5614284904014253
137,plv,4-beta,FC_subj02,FC_subj04,0.745832141773407
138,aec,5-gamma,FC_subj02,FC_subj04,0.626695602179373
139,plv,5-gamma,FC_subj02,FC_subj04,0.7683278104261589
140,aec,1-delta,FC_subj02,FC_subj05,0.5601415585286134
141,plv,1-delta,FC_subj02,FC_subj05,0.7173320422772403
142,aec,2-theta,FC_subj02,FC_subj05,0.5753831044271154
143,plv,2-theta,FC_subj02,FC_subj05,0.7309169424454165
144,aec,3-alfa,FC_subj02,FC_subj05,0.6586963780294166
145,plv,3-alfa,FC_subj02,FC_subj05,0.7280984753948004
146,aec,4-beta,FC_subj02,FC_subj05,0.5336679432266116
147,plv,4-beta,FC_subj02,FC_subj05,0.7176065010512173
148,aec,5-gamma,FC_subj02,FC_subj05,0.6302817794128648
149,plv,5-gamma,FC_subj02,FC_subj05,0.7132917609824945
150,aec,1-delta,FC_subj02,FC_subj06,0.6236188059563862
151,plv,1-delta,FC_subj02,FC_subj06,0.7080682109585987
152,aec,2-theta,FC_subj02,FC_subj06,0.5976885249443604
153,plv,2-theta,FC_subj02,FC_subj06,0.7142915373383432
154,aec,3-alfa,FC_subj02,FC_subj06,0.5317466738006668
155,plv,3-alfa,FC_subj02,FC_subj06,0.6913356828383939
156,aec,4-beta,FC_subj02,FC_subj06,0.5590552206787899
157,plv,4-beta,FC_subj02,FC_subj06,0.7113301188564417
158,aec,5-gamma,FC_subj02,FC_subj06,0.5956044130798961
159,plv,5-gamma,FC_subj02,FC_subj06,0.7001830162185599
160,aec,1-delta,FC_subj02,FC_subj07,0.6493897653056407
161,plv,1-delta,FC_subj02,FC_subj07,0.7469422389215606
162,aec,2-theta,FC_subj02,FC_subj07,0.6054592540867455
163,plv,2-theta,FC_subj02,FC_subj07,0.7569406092723682
164,aec,3-alfa,FC_subj02,FC_subj07,0.6394913297921273
165,plv,3-alfa,FC_subj02,FC_subj07,0.7264607276024562
166,aec,4-beta,FC_subj02,FC_subj07,0.6119129397410565
167,plv,4-beta,FC_subj02,FC_subj07,0.7419581241273118
168,aec,5-gamma,FC_subj02,FC_subj07,0.6223338038343609
169,plv,5-gamma,FC_subj02,FC_subj07,0.747402711192649
170,aec,1-delta,FC_subj02,FC_subj08,0.6399840206213993
171,plv,1-delta,FC_subj02,FC_subj08,0.7430029280258794
172,aec,2-theta,FC_subj02,FC_subj08,0.6249962298967567
173,plv,2-theta,FC_subj02,FC_subj08,0.7251567816196256
174,aec,3-alfa,FC_subj02,FC_subj08,0.6334646275725523
175,plv,3-alfa,FC_subj02,FC_subj08,0.7463821097265471
176,aec,4-beta,FC_subj02,FC_subj08,0.610636948582918
177,plv,4-beta,FC_subj02,FC_subj08,0.7584762890456281
178,aec,5-gamma,FC_subj02,FC_subj08,0.6365205614511006
179,plv,5-gamma,FC_subj02,FC_subj08,0.7693294827394636
180,aec,1-delta,FC_subj02,FC_subj09,0.6294211319993435
181,plv,1-delta,FC_subj02,FC_subj09,0.6979971645613595
182,aec,2-theta,FC_subj02,FC_subj09,0.5892004281567711
183,plv,2-theta,FC_subj02,FC_subj09,0.7168363130944877
184,aec,3-alfa,FC_subj02,FC_subj09,0.6308225293626017
185,plv,3-alfa,FC_subj02,FC_subj09,0.7101163930981333
186,aec,4-beta,FC_subj02,FC_subj09,0.6123628648427999
187,plv,4-beta,FC_subj02,FC_subj09,0.7034012303386212
188,aec,5-gamma,FC_subj02,FC_subj09,0.6255329849588275
189,plv,5-gamma,FC_subj02,FC_subj09,0.6728087704094545
190,aec,1-delta,FC_subj02,FC_subj10,0.7002145724796277
191,plv,1-delta,FC_subj02,FC_subj10,0.7565573369123513
192,aec,2-theta,FC_subj02,FC_subj10,0.6523907449713318
193,plv,2-theta,FC_subj02,FC_subj10,0.7759701863684894
194,aec,3-alfa,FC_subj02,FC_subj10,0.6105422592146115
195,plv,3-alfa,FC_subj02,FC_subj10,0.7447033949137973
196,aec,4-beta,FC_subj02,FC_subj10,0.5710765784135196
197,plv,4-beta,FC_subj02,FC_subj10,0.7568180583707926
198,aec,5-gamma,FC_subj02,FC_subj10,0.657562379732432
199,plv,5-gamma,FC_subj02,FC_subj10,0.753738128480393
200,aec,1-delta,FC_subj03,.1973WilsonCowan,-0.027067420565298372
201,plv,1-delta,FC_subj03,.1973WilsonCowan,0.0022574613624951946
202,aec,2-theta,FC_subj03,.1973WilsonCowan,0.01599118789170917
203,plv,2-theta,FC_subj03,.1973WilsonCowan,0.07376965985152235
204,aec,3-alfa,FC_subj03,.1973WilsonCowan,0.05020780634466791
205,plv,3-alfa,FC_subj03,.1973WilsonCowan,0.17567047680163186
206,aec,4-beta,FC_subj03,.1973WilsonCowan,-0.008164520736246784
207,plv,4-beta,FC_subj03,.1973WilsonCowan,0.13654658231934677
208,aec,5-gamma,FC_subj03,.1973WilsonCowan,0.05375048334701513
209,plv,5-gamma,FC_subj03,.1973WilsonCowan,0.04439190862511898
210,aec,1-delta,FC_subj03,FC_subj02,0.5825607078968588
211,plv,1-delta,FC_subj03,FC_subj02,0.6838449403639154
212,aec,2-theta,FC_subj03,FC_subj02,0.5692010359216063
213,plv,2-theta,FC_subj03,FC_subj02,0.6999068507787668
214,aec,3-alfa,FC_subj03,FC_subj02,0.5866601142255626
215,plv,3-alfa,FC_subj03,FC_subj02,0.7039557322683276
216,aec,4-beta,FC_subj03,FC_subj02,0.4190384720961462
217,plv,4-beta,FC_subj03,FC_subj02,0.7073529584802808
218,aec,5-gamma,FC_subj03,FC_subj02,0.5490893753964585
219,plv,5-gamma,FC_subj03,FC_subj02,0.7036823643661823
220,aec,1-delta,FC_subj03,FC_subj03,1.0
221,plv,1-delta,FC_subj03,FC_subj03,1.0
222,aec,2-theta,FC_subj03,FC_subj03,1.0
223,plv,2-theta,FC_subj03,FC_subj03,1.0
224,aec,3-alfa,FC_subj03,FC_subj03,1.0
225,plv,3-alfa,FC_subj03,FC_subj03,1.0
226,aec,4-beta,FC_subj03,FC_subj03,0.9999999999999999
227,plv,4-beta,FC_subj03,FC_subj03,1.0
228,aec,5-gamma,FC_subj03,FC_subj03,0.9999999999999998
229,plv,5-gamma,FC_subj03,FC_subj03,1.0
230,aec,1-delta,FC_subj03,FC_subj04,0.5949905989863913
231,plv,1-delta,FC_subj03,FC_subj04,0.7163860392463997
232,aec,2-theta,FC_subj03,FC_subj04,0.6626389352941399
233,plv,2-theta,FC_subj03,FC_subj04,0.7245995629958111
234,aec,3-alfa,FC_subj03,FC_subj04,0.5488245225949967
235,plv,3-alfa,FC_subj03,FC_subj04,0.7282634840849815
236,aec,4-beta,FC_subj03,FC_subj04,0.4656057471508709
237,plv,4-beta,FC_subj03,FC_subj04,0.7578259149184511
238,aec,5-gamma,FC_subj03,FC_subj04,0.6539127199355512
239,plv,5-gamma,FC_subj03,FC_subj04,0.7375544632633811
240,aec,1-delta,FC_subj03,FC_subj05,0.6683535186569756
241,plv,1-delta,FC_subj03,FC_subj05,0.7663988079193922
242,aec,2-theta,FC_subj03,FC_subj05,0.6779502790795727
243,plv,2-theta,FC_subj03,FC_subj05,0.7501241026343023
244,aec,3-alfa,FC_subj03,FC_subj05,0.6699129842266472
245,plv,3-alfa,FC_subj03,FC_subj05,0.7386615480197432
246,aec,4-beta,FC_subj03,FC_subj05,0.6122629518127924
247,plv,4-beta,FC_subj03,FC_subj05,0.7468430172881018
248,aec,5-gamma,FC_subj03,FC_subj05,0.6297232407401478
249,plv,5-gamma,FC_subj03,FC_subj05,0.746572172613094
250,aec,1-delta,FC_subj03,FC_subj06,0.6196774604866025
251,plv,1-delta,FC_subj03,FC_subj06,0.7222084233206019
252,aec,2-theta,FC_subj03,FC_subj06,0.654822925791749
253,plv,2-theta,FC_subj03,FC_subj06,0.7186239990279879
254,aec,3-alfa,FC_subj03,FC_subj06,0.5791508205412715
255,plv,3-alfa,FC_subj03,FC_subj06,0.723528102656962
256,aec,4-beta,FC_subj03,FC_subj06,0.5618581435099509
257,plv,4-beta,FC_subj03,FC_subj06,0.7371222755111502
258,aec,5-gamma,FC_subj03,FC_subj06,0.6298471147796799
259,plv,5-gamma,FC_subj03,FC_subj06,0.7052243985096945
260,aec,1-delta,FC_subj03,FC_subj07,0.6660771044861586
261,plv,1-delta,FC_subj03,FC_subj07,0.743577687049608
262,aec,2-theta,FC_subj03,FC_subj07,0.7494999268379213
263,plv,2-theta,FC_subj03,FC_subj07,0.7395739073064932
264,aec,3-alfa,FC_subj03,FC_subj07,0.685778545047609
265,plv,3-alfa,FC_subj03,FC_subj07,0.7419367530858856
266,aec,4-beta,FC_subj03,FC_subj07,0.5624186109488875
267,plv,4-beta,FC_subj03,FC_subj07,0.7588140663799903
268,aec,5-gamma,FC_subj03,FC_subj07,0.6936020141324082
269,plv,5-gamma,FC_subj03,FC_subj07,0.7578451444803723
270,aec,1-delta,FC_subj03,FC_subj08,0.6428524538351259
271,plv,1-delta,FC_subj03,FC_subj08,0.7520146211407911
272,aec,2-theta,FC_subj03,FC_subj08,0.6399583282264346
273,plv,2-theta,FC_subj03,FC_subj08,0.7647077695372259
274,aec,3-alfa,FC_subj03,FC_subj08,0.6488797604549084
275,plv,3-alfa,FC_subj03,FC_subj08,0.7517244451107182
276,aec,4-beta,FC_subj03,FC_subj08,0.5896690544137413
277,plv,4-beta,FC_subj03,FC_subj08,0.7532475412348448
278,aec,5-gamma,FC_subj03,FC_subj08,0.6767833627201664
279,plv,5-gamma,FC_subj03,FC_subj08,0.7662234654231398
280,aec,1-delta,FC_subj03,FC_subj09,0.5961751034660301
281,plv,1-delta,FC_subj03,FC_subj09,0.6552892444510153
282,aec,2-theta,FC_subj03,FC_subj09,0.6091355462639227
283,plv,2-theta,FC_subj03,FC_subj09,0.6599297097075895
284,aec,3-alfa,FC_subj03,FC_subj09,0.620790303575333
285,plv,3-alfa,FC_subj03,FC_subj09,0.6221243406885999
286,aec,4-beta,FC_subj03,FC_subj09,0.4892549540217882
287,plv,4-beta,FC_subj03,FC_subj09,0.6610838266214031
288,aec,5-gamma,FC_subj03,FC_subj09,0.653502685206252
289,plv,5-gamma,FC_subj03,FC_subj09,0.6730849121020277
290,aec,1-delta,FC_subj03,FC_subj10,0.61871068831571
291,plv,1-delta,FC_subj03,FC_subj10,0.7195351363793256
292,aec,2-theta,FC_subj03,FC_subj10,0.662858081459005
293,plv,2-theta,FC_subj03,FC_subj10,0.7453490422834488
294,aec,3-alfa,FC_subj03,FC_subj10,0.6671178509567879
295,plv,3-alfa,FC_subj03,FC_subj10,0.7285431570533223
296,aec,4-beta,FC_subj03,FC_subj10,0.518164023640691
297,plv,4-beta,FC_subj03,FC_subj10,0.7475476217873778
298,aec,5-gamma,FC_subj03,FC_subj10,0.6818768961043665
299,plv,5-gamma,FC_subj03,FC_subj10,0.7308333040127604
300,aec,1-delta,FC_subj04,.1973WilsonCowan,-0.02342558283838677
301,plv,1-delta,FC_subj04,.1973WilsonCowan,0.03318048267300814
302,aec,2-theta,FC_subj04,.1973WilsonCowan,0.033942812614177996
303,plv,2-theta,FC_subj04,.1973WilsonCowan,0.07273364763113407
304,aec,3-alfa,FC_subj04,.1973WilsonCowan,0.03552176185572837
305,plv,3-alfa,FC_subj04,.1973WilsonCowan,0.12184357146177
306,aec,4-beta,FC_subj04,.1973WilsonCowan,0.05857607320063875
307,plv,4-beta,FC_subj04,.1973WilsonCowan,0.1317976553877663
308,aec,5-gamma,FC_subj04,.1973WilsonCowan,0.045969972679588106
309,plv,5-gamma,FC_subj04,.1973WilsonCowan,0.0698792578030025
310,aec,1-delta,FC_subj04,FC_subj02,0.6303917945666685
311,plv,1-delta,FC_subj04,FC_subj02,0.7153087816979797
312,aec,2-theta,FC_subj04,FC_subj02,0.6169882846516496
313,plv,2-theta,FC_subj04,FC_subj02,0.7233354572293387
314,aec,3-alfa,FC_subj04,FC_subj02,0.556123875625024
315,plv,3-alfa,FC_subj04,FC_subj02,0.7171748252110407
316,aec,4-beta,FC_subj04,FC_subj02,0.5614284904014253
317,plv,4-beta,FC_subj04,FC_subj02,0.7458321417734071
318,aec,5-gamma,FC_subj04,FC_subj02,0.626695602179373
319,plv,5-gamma,FC_subj04,FC_subj02,0.7683278104261589
320,aec,1-delta,FC_subj04,FC_subj03,0.5949905989863912
321,plv,1-delta,FC_subj04,FC_subj03,0.7163860392463997
322,aec,2-theta,FC_subj04,FC_subj03,0.6626389352941399
323,plv,2-theta,FC_subj04,FC_subj03,0.7245995629958111
324,aec,3-alfa,FC_subj04,FC_subj03,0.5488245225949967
325,plv,3-alfa,FC_subj04,FC_subj03,0.7282634840849815
326,aec,4-beta,FC_subj04,FC_subj03,0.4656057471508709
327,plv,4-beta,FC_subj04,FC_subj03,0.757825914918451
328,aec,5-gamma,FC_subj04,FC_subj03,0.6539127199355512
329,plv,5-gamma,FC_subj04,FC_subj03,0.737554463263381
330,aec,1-delta,FC_subj04,FC_subj04,0.9999999999999998
331,plv,1-delta,FC_subj04,FC_subj04,1.0
332,aec,2-theta,FC_subj04,FC_subj04,1.0
333,plv,2-theta,FC_subj04,FC_subj04,1.0
334,aec,3-alfa,FC_subj04,FC_subj04,0.9999999999999999
335,plv,3-alfa,FC_subj04,FC_subj04,0.9999999999999998
336,aec,4-beta,FC_subj04,FC_subj04,1.0
337,plv,4-beta,FC_subj04,FC_subj04,0.9999999999999998
338,aec,5-gamma,FC_subj04,FC_subj04,0.9999999999999999
339,plv,5-gamma,FC_subj04,FC_subj04,1.0
340,aec,1-delta,FC_subj04,FC_subj05,0.5875501878012616
341,plv,1-delta,FC_subj04,FC_subj05,0.761782335696278
342,aec,2-theta,FC_subj04,FC_subj05,0.6247544258809579
343,plv,2-theta,FC_subj04,FC_subj05,0.7452172917503463
344,aec,3-alfa,FC_subj04,FC_subj05,0.6118854983872944
345,plv,3-alfa,FC_subj04,FC_subj05,0.7490748589043945
346,aec,4-beta,FC_subj04,FC_subj05,0.5291828354459015
347,plv,4-beta,FC_subj04,FC_subj05,0.7591453184652905
348,aec,5-gamma,FC_subj04,FC_subj05,0.6841677935770951
349,plv,5-gamma,FC_subj04,FC_subj05,0.7669827066284375
350,aec,1-delta,FC_subj04,FC_subj06,0.6299288055704395
351,plv,1-delta,FC_subj04,FC_subj06,0.7444080514117557
352,aec,2-theta,FC_subj04,FC_subj06,0.6370522454990178
353,plv,2-theta,FC_subj04,FC_subj06,0.7366961457024886
354,aec,3-alfa,FC_subj04,FC_subj06,0.566339402290234
355,plv,3-alfa,FC_subj04,FC_subj06,0.7306171328615467
356,aec,4-beta,FC_subj04,FC_subj06,0.5813789602014401
357,plv,4-beta,FC_subj04,FC_subj06,0.7501688945494762
358,aec,5-gamma,FC_subj04,FC_subj06,0.6475021281476077
359,plv,5-gamma,FC_subj04,FC_subj06,0.73086695645861
360,aec,1-delta,FC_subj04,FC_subj07,0.6444881455259018
361,plv,1-delta,FC_subj04,FC_subj07,0.7269202192825263
362,aec,2-theta,FC_subj04,FC_subj07,0.6473151733619358
363,plv,2-theta,FC_subj04,FC_subj07,0.6978822155518067
364,aec,3-alfa,FC_subj04,FC_subj07,0.6111496175603968
365,plv,3-alfa,FC_subj04,FC_subj07,0.7000129438975036
366,aec,4-beta,FC_subj04,FC_subj07,0.5948749225139018
367,plv,4-beta,FC_subj04,FC_subj07,0.7404411326042056
368,aec,5-gamma,FC_subj04,FC_subj07,0.6694711905196364
369,plv,5-gamma,FC_subj04,FC_subj07,0.7647817999932327
370,aec,1-delta,FC_subj04,FC_subj08,0.5767372601893886
371,plv,1-delta,FC_subj04,FC_subj08,0.7006083120295492
372,aec,2-theta,FC_subj04,FC_subj08,0.5962446945165137
373,plv,2-theta,FC_subj04,FC_subj08,0.7068510467285887
374,aec,3-alfa,FC_subj04,FC_subj08,0.6211648575993334
375,plv,3-alfa,FC_subj04,FC_subj08,0.7282429015886365
376,aec,4-beta,FC_subj04,FC_subj08,0.5959717192146213
377,plv,4-beta,FC_subj04,FC_subj08,0.7547963740193845
378,aec,5-gamma,FC_subj04,FC_subj08,0.638187351587053
379,plv,5-gamma,FC_subj04,FC_subj08,0.735804409804918
380,aec,1-delta,FC_subj04,FC_subj09,0.5878143311349161
381,plv,1-delta,FC_subj04,FC_subj09,0.6750536320000317
382,aec,2-theta,FC_subj04,FC_subj09,0.595419788835469
383,plv,2-theta,FC_subj04,FC_subj09,0.6811859087873015
384,aec,3-alfa,FC_subj04,FC_subj09,0.5388911090836161
385,plv,3-alfa,FC_subj04,FC_subj09,0.6674626060030506
386,aec,4-beta,FC_subj04,FC_subj09,0.596537691254261
387,plv,4-beta,FC_subj04,FC_subj09,0.6942213283219524
388,aec,5-gamma,FC_subj04,FC_subj09,0.6481407048825494
389,plv,5-gamma,FC_subj04,FC_subj09,0.688421993732742
390,aec,1-delta,FC_subj04,FC_subj10,0.6299063807647676
391,plv,1-delta,FC_subj04,FC_subj10,0.7209568255226686
392,aec,2-theta,FC_subj04,FC_subj10,0.640296392867873
393,plv,2-theta,FC_subj04,FC_subj10,0.7380648111815683
394,aec,3-alfa,FC_subj04,FC_subj10,0.5813217975419959
395,plv,3-alfa,FC_subj04,FC_subj10,0.7226650099877658
396,aec,4-beta,FC_subj04,FC_subj10,0.6246738538459572
397,plv,4-beta,FC_subj04,FC_subj10,0.7528369143633866
398,aec,5-gamma,FC_subj04,FC_subj10,0.6720167832203555
399,plv,5-gamma,FC_subj04,FC_subj10,0.7509384884412836
400,aec,1-delta,FC_subj05,.1973WilsonCowan,0.047972910849778345
401,plv,1-delta,FC_subj05,.1973WilsonCowan,0.032118636053923455
402,aec,2-theta,FC_subj05,.1973WilsonCowan,0.026069527781944178
403,plv,2-theta,FC_subj05,.1973WilsonCowan,0.11633021502590395
404,aec,3-alfa,FC_subj05,.1973WilsonCowan,0.05022998397505033
405,plv,3-alfa,FC_subj05,.1973WilsonCowan,0.1688208023306636
406,aec,4-beta,FC_subj05,.1973WilsonCowan,-0.0084820263443983
407,plv,4-beta,FC_subj05,.1973WilsonCowan,0.10053142121921298
408,aec,5-gamma,FC_subj05,.1973WilsonCowan,0.03864520353961182
409,plv,5-gamma,FC_subj05,.1973WilsonCowan,0.0356803395248599
410,aec,1-delta,FC_subj05,FC_subj02,0.5601415585286132
411,plv,1-delta,FC_subj05,FC_subj02,0.7173320422772403
412,aec,2-theta,FC_subj05,FC_subj02,0.5753831044271154
413,plv,2-theta,FC_subj05,FC_subj02,0.7309169424454166
414,aec,3-alfa,FC_subj05,FC_subj02,0.6586963780294167
415,plv,3-alfa,FC_subj05,FC_subj02,0.7280984753948005
416,aec,4-beta,FC_subj05,FC_subj02,0.5336679432266117
417,plv,4-beta,FC_subj05,FC_subj02,0.7176065010512174
418,aec,5-gamma,FC_subj05,FC_subj02,0.6302817794128648
419,plv,5-gamma,FC_subj05,FC_subj02,0.7132917609824946
420,aec,1-delta,FC_subj05,FC_subj03,0.6683535186569756
421,plv,1-delta,FC_subj05,FC_subj03,0.7663988079193922
422,aec,2-theta,FC_subj05,FC_subj03,0.6779502790795727
423,plv,2-theta,FC_subj05,FC_subj03,0.7501241026343023
424,aec,3-alfa,FC_subj05,FC_subj03,0.6699129842266471
425,plv,3-alfa,FC_subj05,FC_subj03,0.7386615480197432
426,aec,4-beta,FC_subj05,FC_subj03,0.6122629518127924
427,plv,4-beta,FC_subj05,FC_subj03,0.7468430172881018
428,aec,5-gamma,FC_subj05,FC_subj03,0.6297232407401478
429,plv,5-gamma,FC_subj05,FC_subj03,0.746572172613094
430,aec,1-delta,FC_subj05,FC_subj04,0.5875501878012616
431,plv,1-delta,FC_subj05,FC_subj04,0.7617823356962781
432,aec,2-theta,FC_subj05,FC_subj04,0.6247544258809579
433,plv,2-theta,FC_subj05,FC_subj04,0.7452172917503463
434,aec,3-alfa,FC_subj05,FC_subj04,0.6118854983872944
435,plv,3-alfa,FC_subj05,FC_subj04,0.7490748589043945
436,aec,4-beta,FC_subj05,FC_subj04,0.5291828354459016
437,plv,4-beta,FC_subj05,FC_subj04,0.7591453184652905
438,aec,5-gamma,FC_subj05,FC_subj04,0.6841677935770952
439,plv,5-gamma,FC_subj05,FC_subj04,0.7669827066284375
440,aec,1-delta,FC_subj05,FC_subj05,1.0
441,plv,1-delta,FC_subj05,FC_subj05,1.0
442,aec,2-theta,FC_subj05,FC_subj05,1.0
443,plv,2-theta,FC_subj05,FC_subj05,0.9999999999999998
444,aec,3-alfa,FC_subj05,FC_subj05,1.0
445,plv,3-alfa,FC_subj05,FC_subj05,1.0
446,aec,4-beta,FC_subj05,FC_subj05,1.0
447,plv,4-beta,FC_subj05,FC_subj05,1.0
448,aec,5-gamma,FC_subj05,FC_subj05,0.9999999999999998
449,plv,5-gamma,FC_subj05,FC_subj05,1.0
450,aec,1-delta,FC_subj05,FC_subj06,0.6404677930701995
451,plv,1-delta,FC_subj05,FC_subj06,0.7791203887168042
452,aec,2-theta,FC_subj05,FC_subj06,0.6794538321506564
453,plv,2-theta,FC_subj05,FC_subj06,0.785784535447258
454,aec,3-alfa,FC_subj05,FC_subj06,0.5900357598572752
455,plv,3-alfa,FC_subj05,FC_subj06,0.777635958528928
456,aec,4-beta,FC_subj05,FC_subj06,0.6858957629784113
457,plv,4-beta,FC_subj05,FC_subj06,0.7913454644083997
458,aec,5-gamma,FC_subj05,FC_subj06,0.6519043926609388
459,plv,5-gamma,FC_subj05,FC_subj06,0.7813862077618474
460,aec,1-delta,FC_subj05,FC_subj07,0.6693895088273263
461,plv,1-delta,FC_subj05,FC_subj07,0.7902082931405621
462,aec,2-theta,FC_subj05,FC_subj07,0.6695538181563011
463,plv,2-theta,FC_subj05,FC_subj07,0.7779449553226512
464,aec,3-alfa,FC_subj05,FC_subj07,0.6746405703198683
465,plv,3-alfa,FC_subj05,FC_subj07,0.7760762525219517
466,aec,4-beta,FC_subj05,FC_subj07,0.6254738803630788
467,plv,4-beta,FC_subj05,FC_subj07,0.8089110601654295
468,aec,5-gamma,FC_subj05,FC_subj07,0.7130604122688744
469,plv,5-gamma,FC_subj05,FC_subj07,0.8153248258622423
470,aec,1-delta,FC_subj05,FC_subj08,0.5492313319042224
471,plv,1-delta,FC_subj05,FC_subj08,0.726154184747482
472,aec,2-theta,FC_subj05,FC_subj08,0.5836629060678716
473,plv,2-theta,FC_subj05,FC_subj08,0.712427874995096
474,aec,3-alfa,FC_subj05,FC_subj08,0.6092815289236198
475,plv,3-alfa,FC_subj05,FC_subj08,0.6917215215492981
476,aec,4-beta,FC_subj05,FC_subj08,0.6064387733958142
477,plv,4-beta,FC_subj05,FC_subj08,0.7093376771467796
478,aec,5-gamma,FC_subj05,FC_subj08,0.6365820439201035
479,plv,5-gamma,FC_subj05,FC_subj08,0.7367304965426204
480,aec,1-delta,FC_subj05,FC_subj09,0.6412817554603818
481,plv,1-delta,FC_subj05,FC_subj09,0.7290528174113853
482,aec,2-theta,FC_subj05,FC_subj09,0.6204758856707442
483,plv,2-theta,FC_subj05,FC_subj09,0.7373707783687194
484,aec,3-alfa,FC_subj05,FC_subj09,0.6496352667687659
485,plv,3-alfa,FC_subj05,FC_subj09,0.7202227614247342
486,aec,4-beta,FC_subj05,FC_subj09,0.6065696658136673
487,plv,4-beta,FC_subj05,FC_subj09,0.7191719345467191
488,aec,5-gamma,FC_subj05,FC_subj09,0.6798102000341538
489,plv,5-gamma,FC_subj05,FC_subj09,0.7203894301222816
490,aec,1-delta,FC_subj05,FC_subj10,0.6167275060980405
491,plv,1-delta,FC_subj05,FC_subj10,0.7691161547958996
492,aec,2-theta,FC_subj05,FC_subj10,0.7041691728511835
493,plv,2-theta,FC_subj05,FC_subj10,0.7837206604568211
494,aec,3-alfa,FC_subj05,FC_subj10,0.6989004187635016
495,plv,3-alfa,FC_subj05,FC_subj10,0.7781356475010519
496,aec,4-beta,FC_subj05,FC_subj10,0.5784137140969549
497,plv,4-beta,FC_subj05,FC_subj10,0.7943066234265866
498,aec,5-gamma,FC_subj05,FC_subj10,0.6923831138296287
499,plv,5-gamma,FC_subj05,FC_subj10,0.7910468252451088
500,aec,1-delta,FC_subj06,.1973WilsonCowan,0.07524875806097457
501,plv,1-delta,FC_subj06,.1973WilsonCowan,0.027727696220175513
502,aec,2-theta,FC_subj06,.1973WilsonCowan,0.02446103901580481
503,plv,2-theta,FC_subj06,.1973WilsonCowan,0.10639313612614318
504,aec,3-alfa,FC_subj06,.1973WilsonCowan,0.04909285723823621
505,plv,3-alfa,FC_subj06,.1973WilsonCowan,0.1871870603821501
506,aec,4-beta,FC_subj06,.1973WilsonCowan,0.03623176159117002
507,plv,4-beta,FC_subj06,.1973WilsonCowan,0.13227946233085675
508,aec,5-gamma,FC_subj06,.1973WilsonCowan,0.05572249554600296
509,plv,5-gamma,FC_subj06,.1973WilsonCowan,0.04382251673886051
510,aec,1-delta,FC_subj06,FC_subj02,0.6236188059563861
511,plv,1-delta,FC_subj06,FC_subj02,0.7080682109585987
512,aec,2-theta,FC_subj06,FC_subj02,0.5976885249443603
513,plv,2-theta,FC_subj06,FC_subj02,0.714291537338343
514,aec,3-alfa,FC_subj06,FC_subj02,0.5317466738006668
515,plv,3-alfa,FC_subj06,FC_subj02,0.6913356828383939
516,aec,4-beta,FC_subj06,FC_subj02,0.5590552206787899
517,plv,4-beta,FC_subj06,FC_subj02,0.7113301188564417
518,aec,5-gamma,FC_subj06,FC_subj02,0.5956044130798961
519,plv,5-gamma,FC_subj06,FC_subj02,0.7001830162185599
520,aec,1-delta,FC_subj06,FC_subj03,0.6196774604866027
521,plv,1-delta,FC_subj06,FC_subj03,0.7222084233206018
522,aec,2-theta,FC_subj06,FC_subj03,0.654822925791749
523,plv,2-theta,FC_subj06,FC_subj03,0.7186239990279879
524,aec,3-alfa,FC_subj06,FC_subj03,0.5791508205412715
525,plv,3-alfa,FC_subj06,FC_subj03,0.7235281026569619
526,aec,4-beta,FC_subj06,FC_subj03,0.5618581435099509
527,plv,4-beta,FC_subj06,FC_subj03,0.7371222755111502
528,aec,5-gamma,FC_subj06,FC_subj03,0.6298471147796798
529,plv,5-gamma,FC_subj06,FC_subj03,0.7052243985096945
530,aec,1-delta,FC_subj06,FC_subj04,0.6299288055704395
531,plv,1-delta,FC_subj06,FC_subj04,0.7444080514117557
532,aec,2-theta,FC_subj06,FC_subj04,0.6370522454990178
533,plv,2-theta,FC_subj06,FC_subj04,0.7366961457024886
534,aec,3-alfa,FC_subj06,FC_subj04,0.5663394022902342
535,plv,3-alfa,FC_subj06,FC_subj04,0.7306171328615468
536,aec,4-beta,FC_subj06,FC_subj04,0.5813789602014401
537,plv,4-beta,FC_subj06,FC_subj04,0.7501688945494762
538,aec,5-gamma,FC_subj06,FC_subj04,0.6475021281476077
539,plv,5-gamma,FC_subj06,FC_subj04,0.73086695645861
540,aec,1-delta,FC_subj06,FC_subj05,0.6404677930701994
541,plv,1-delta,FC_subj06,FC_subj05,0.7791203887168042
542,aec,2-theta,FC_subj06,FC_subj05,0.6794538321506564
543,plv,2-theta,FC_subj06,FC_subj05,0.7857845354472581
544,aec,3-alfa,FC_subj06,FC_subj05,0.5900357598572752
545,plv,3-alfa,FC_subj06,FC_subj05,0.777635958528928
546,aec,4-beta,FC_subj06,FC_subj05,0.6858957629784114
547,plv,4-beta,FC_subj06,FC_subj05,0.7913454644083997
548,aec,5-gamma,FC_subj06,FC_subj05,0.6519043926609388
549,plv,5-gamma,FC_subj06,FC_subj05,0.7813862077618474
550,aec,1-delta,FC_subj06,FC_subj06,1.0
551,plv,1-delta,FC_subj06,FC_subj06,1.0
552,aec,2-theta,FC_subj06,FC_subj06,1.0
553,plv,2-theta,FC_subj06,FC_subj06,1.0
554,aec,3-alfa,FC_subj06,FC_subj06,1.0
555,plv,3-alfa,FC_subj06,FC_subj06,0.9999999999999998
556,aec,4-beta,FC_subj06,FC_subj06,1.0
557,plv,4-beta,FC_subj06,FC_subj06,1.0
558,aec,5-gamma,FC_subj06,FC_subj06,1.0
559,plv,5-gamma,FC_subj06,FC_subj06,1.0
560,aec,1-delta,FC_subj06,FC_subj07,0.6955003660727633
561,plv,1-delta,FC_subj06,FC_subj07,0.7920640180914355
562,aec,2-theta,FC_subj06,FC_subj07,0.7152714181117137
563,plv,2-theta,FC_subj06,FC_subj07,0.790003682790683
564,aec,3-alfa,FC_subj06,FC_subj07,0.6665521464147204
565,plv,3-alfa,FC_subj06,FC_subj07,0.7937216425768531
566,aec,4-beta,FC_subj06,FC_subj07,0.7191337626415553
567,plv,4-beta,FC_subj06,FC_subj07,0.8067915542976442
568,aec,5-gamma,FC_subj06,FC_subj07,0.669314524275538
569,plv,5-gamma,FC_subj06,FC_subj07,0.7961949837861741
570,aec,1-delta,FC_subj06,FC_subj08,0.6071397622764382
571,plv,1-delta,FC_subj06,FC_subj08,0.7004212535473193
572,aec,2-theta,FC_subj06,FC_subj08,0.61154600212631
573,plv,2-theta,FC_subj06,FC_subj08,0.6821140945973433
574,aec,3-alfa,FC_subj06,FC_subj08,0.6123848327404486
575,plv,3-alfa,FC_subj06,FC_subj08,0.7023394075819205
576,aec,4-beta,FC_subj06,FC_subj08,0.6648882032070671
577,plv,4-beta,FC_subj06,FC_subj08,0.7083280558991979
578,aec,5-gamma,FC_subj06,FC_subj08,0.6347199020044016
579,plv,5-gamma,FC_subj06,FC_subj08,0.6795222543215474
580,aec,1-delta,FC_subj06,FC_subj09,0.6532233550549722
581,plv,1-delta,FC_subj06,FC_subj09,0.7298419344474824
582,aec,2-theta,FC_subj06,FC_subj09,0.6569343290008516
583,plv,2-theta,FC_subj06,FC_subj09,0.7578890079111215
584,aec,3-alfa,FC_subj06,FC_subj09,0.6168785486910866
585,plv,3-alfa,FC_subj06,FC_subj09,0.7184565146349239
586,aec,4-beta,FC_subj06,FC_subj09,0.6576353001558746
587,plv,4-beta,FC_subj06,FC_subj09,0.7385647868881868
588,aec,5-gamma,FC_subj06,FC_subj09,0.6831095311317222
589,plv,5-gamma,FC_subj06,FC_subj09,0.7536725082163688
590,aec,1-delta,FC_subj06,FC_subj10,0.6256761965935881
591,plv,1-delta,FC_subj06,FC_subj10,0.7237741571068904
592,aec,2-theta,FC_subj06,FC_subj10,0.6544807987337344
593,plv,2-theta,FC_subj06,FC_subj10,0.7489856536801383
594,aec,3-alfa,FC_subj06,FC_subj10,0.5370912459218605
595,plv,3-alfa,FC_subj06,FC_subj10,0.7484569449912871
596,aec,4-beta,FC_subj06,FC_subj10,0.630330206917576
597,plv,4-beta,FC_subj06,FC_subj10,0.7538855801186686
598,aec,5-gamma,FC_subj06,FC_subj10,0.6522542331423797
599,plv,5-gamma,FC_subj06,FC_subj10,0.7289473637435613
600,aec,1-delta,FC_subj07,.1973WilsonCowan,-0.014347587161438257
601,plv,1-delta,FC_subj07,.1973WilsonCowan,0.03637373551022839
602,aec,2-theta,FC_subj07,.1973WilsonCowan,0.03620372248267887
603,plv,2-theta,FC_subj07,.1973WilsonCowan,0.11307050392834823
604,aec,3-alfa,FC_subj07,.1973WilsonCowan,0.04019090589258969
605,plv,3-alfa,FC_subj07,.1973WilsonCowan,0.15926753616328995
606,aec,4-beta,FC_subj07,.1973WilsonCowan,0.013166642499367326
607,plv,4-beta,FC_subj07,.1973WilsonCowan,0.1410961499696714
608,aec,5-gamma,FC_subj07,.1973WilsonCowan,0.06775758967396242
609,plv,5-gamma,FC_subj07,.1973WilsonCowan,0.05200800931034011
610,aec,1-delta,FC_subj07,FC_subj02,0.6493897653056407
611,plv,1-delta,FC_subj07,FC_subj02,0.7469422389215606
612,aec,2-theta,FC_subj07,FC_subj02,0.6054592540867454
613,plv,2-theta,FC_subj07,FC_subj02,0.7569406092723682
614,aec,3-alfa,FC_subj07,FC_subj02,0.6394913297921273
615,plv,3-alfa,FC_subj07,FC_subj02,0.7264607276024562
616,aec,4-beta,FC_subj07,FC_subj02,0.6119129397410565
617,plv,4-beta,FC_subj07,FC_subj02,0.7419581241273118
618,aec,5-gamma,FC_subj07,FC_subj02,0.6223338038343609
619,plv,5-gamma,FC_subj07,FC_subj02,0.7474027111926491
620,aec,1-delta,FC_subj07,FC_subj03,0.6660771044861585
621,plv,1-delta,FC_subj07,FC_subj03,0.7435776870496079
622,aec,2-theta,FC_subj07,FC_subj03,0.7494999268379214
623,plv,2-theta,FC_subj07,FC_subj03,0.7395739073064932
624,aec,3-alfa,FC_subj07,FC_subj03,0.685778545047609
625,plv,3-alfa,FC_subj07,FC_subj03,0.7419367530858856
626,aec,4-beta,FC_subj07,FC_subj03,0.5624186109488875
627,plv,4-beta,FC_subj07,FC_subj03,0.7588140663799904
628,aec,5-gamma,FC_subj07,FC_subj03,0.6936020141324081
629,plv,5-gamma,FC_subj07,FC_subj03,0.7578451444803723
630,aec,1-delta,FC_subj07,FC_subj04,0.6444881455259018
631,plv,1-delta,FC_subj07,FC_subj04,0.7269202192825263
632,aec,2-theta,FC_subj07,FC_subj04,0.6473151733619358
633,plv,2-theta,FC_subj07,FC_subj04,0.6978822155518066
634,aec,3-alfa,FC_subj07,FC_subj04,0.6111496175603968
635,plv,3-alfa,FC_subj07,FC_subj04,0.7000129438975036
636,aec,4-beta,FC_subj07,FC_subj04,0.5948749225139018
637,plv,4-beta,FC_subj07,FC_subj04,0.7404411326042056
638,aec,5-gamma,FC_subj07,FC_subj04,0.6694711905196363
639,plv,5-gamma,FC_subj07,FC_subj04,0.7647817999932327
640,aec,1-delta,FC_subj07,FC_subj05,0.6693895088273263
641,plv,1-delta,FC_subj07,FC_subj05,0.7902082931405621
642,aec,2-theta,FC_subj07,FC_subj05,0.669553818156301
643,plv,2-theta,FC_subj07,FC_subj05,0.7779449553226512
644,aec,3-alfa,FC_subj07,FC_subj05,0.6746405703198683
645,plv,3-alfa,FC_subj07,FC_subj05,0.7760762525219517
646,aec,4-beta,FC_subj07,FC_subj05,0.6254738803630787
647,plv,4-beta,FC_subj07,FC_subj05,0.8089110601654295
648,aec,5-gamma,FC_subj07,FC_subj05,0.7130604122688743
649,plv,5-gamma,FC_subj07,FC_subj05,0.8153248258622424
650,aec,1-delta,FC_subj07,FC_subj06,0.6955003660727633
651,plv,1-delta,FC_subj07,FC_subj06,0.7920640180914353
652,aec,2-theta,FC_subj07,FC_subj06,0.7152714181117136
653,plv,2-theta,FC_subj07,FC_subj06,0.790003682790683
654,aec,3-alfa,FC_subj07,FC_subj06,0.6665521464147204
655,plv,3-alfa,FC_subj07,FC_subj06,0.7937216425768531
656,aec,4-beta,FC_subj07,FC_subj06,0.7191337626415552
657,plv,4-beta,FC_subj07,FC_subj06,0.8067915542976442
658,aec,5-gamma,FC_subj07,FC_subj06,0.6693145242755381
659,plv,5-gamma,FC_subj07,FC_subj06,0.7961949837861741
660,aec,1-delta,FC_subj07,FC_subj07,1.0
661,plv,1-delta,FC_subj07,FC_subj07,1.0
662,aec,2-theta,FC_subj07,FC_subj07,1.0
663,plv,2-theta,FC_subj07,FC_subj07,1.0
664,aec,3-alfa,FC_subj07,FC_subj07,1.0
665,plv,3-alfa,FC_subj07,FC_subj07,0.9999999999999998
666,aec,4-beta,FC_subj07,FC_subj07,0.9999999999999999
667,plv,4-beta,FC_subj07,FC_subj07,0.9999999999999998
668,aec,5-gamma,FC_subj07,FC_subj07,0.9999999999999998
669,plv,5-gamma,FC_subj07,FC_subj07,0.9999999999999998
670,aec,1-delta,FC_subj07,FC_subj08,0.5924697443756991
671,plv,1-delta,FC_subj07,FC_subj08,0.6790736490921566
672,aec,2-theta,FC_subj07,FC_subj08,0.6179837180168476
673,plv,2-theta,FC_subj07,FC_subj08,0.6628967866455315
674,aec,3-alfa,FC_subj07,FC_subj08,0.6856291348317668
675,plv,3-alfa,FC_subj07,FC_subj08,0.7025212574043508
676,aec,4-beta,FC_subj07,FC_subj08,0.6472998008532508
677,plv,4-beta,FC_subj07,FC_subj08,0.691771481629122
678,aec,5-gamma,FC_subj07,FC_subj08,0.6506156018703723
679,plv,5-gamma,FC_subj07,FC_subj08,0.7157739476284206
680,aec,1-delta,FC_subj07,FC_subj09,0.68770661925476
681,plv,1-delta,FC_subj07,FC_subj09,0.7805780157326371
682,aec,2-theta,FC_subj07,FC_subj09,0.688592115140679
683,plv,2-theta,FC_subj07,FC_subj09,0.7885587741709812
684,aec,3-alfa,FC_subj07,FC_subj09,0.6619793352526177
685,plv,3-alfa,FC_subj07,FC_subj09,0.7430876153990219
686,aec,4-beta,FC_subj07,FC_subj09,0.647218738628067
687,plv,4-beta,FC_subj07,FC_subj09,0.7758629561327955
688,aec,5-gamma,FC_subj07,FC_subj09,0.7219851883409
689,plv,5-gamma,FC_subj07,FC_subj09,0.7745735187948206
690,aec,1-delta,FC_subj07,FC_subj10,0.723800907043203
691,plv,1-delta,FC_subj07,FC_subj10,0.8042297829346973
692,aec,2-theta,FC_subj07,FC_subj10,0.7348874794986588
693,plv,2-theta,FC_subj07,FC_subj10,0.8219262147164198
694,aec,3-alfa,FC_subj07,FC_subj10,0.6781322098372315
695,plv,3-alfa,FC_subj07,FC_subj10,0.8246860669479104
696,aec,4-beta,FC_subj07,FC_subj10,0.6855731159589531
697,plv,4-beta,FC_subj07,FC_subj10,0.8346441060383573
698,aec,5-gamma,FC_subj07,FC_subj10,0.7334106813236085
699,plv,5-gamma,FC_subj07,FC_subj10,0.8214707845435764
700,aec,1-delta,FC_subj08,.1973WilsonCowan,-0.017519343394160777
701,plv,1-delta,FC_subj08,.1973WilsonCowan,0.03474240388600969
702,aec,2-theta,FC_subj08,.1973WilsonCowan,0.0573840701921296
703,plv,2-theta,FC_subj08,.1973WilsonCowan,0.07035724585598838
704,aec,3-alfa,FC_subj08,.1973WilsonCowan,0.05508259585911321
705,plv,3-alfa,FC_subj08,.1973WilsonCowan,0.1277553440854662
706,aec,4-beta,FC_subj08,.1973WilsonCowan,0.03797276565637868
707,plv,4-beta,FC_subj08,.1973WilsonCowan,0.10263785715922331
708,aec,5-gamma,FC_subj08,.1973WilsonCowan,0.04061950260112183
709,plv,5-gamma,FC_subj08,.1973WilsonCowan,0.030953625627474654
710,aec,1-delta,FC_subj08,FC_subj02,0.6399840206213993
711,plv,1-delta,FC_subj08,FC_subj02,0.7430029280258794
712,aec,2-theta,FC_subj08,FC_subj02,0.6249962298967568
713,plv,2-theta,FC_subj08,FC_subj02,0.7251567816196256
714,aec,3-alfa,FC_subj08,FC_subj02,0.6334646275725522
715,plv,3-alfa,FC_subj08,FC_subj02,0.7463821097265471
716,aec,4-beta,FC_subj08,FC_subj02,0.610636948582918
717,plv,4-beta,FC_subj08,FC_subj02,0.7584762890456281
718,aec,5-gamma,FC_subj08,FC_subj02,0.6365205614511006
719,plv,5-gamma,FC_subj08,FC_subj02,0.7693294827394636
720,aec,1-delta,FC_subj08,FC_subj03,0.642852453835126
721,plv,1-delta,FC_subj08,FC_subj03,0.7520146211407911
722,aec,2-theta,FC_subj08,FC_subj03,0.6399583282264345
723,plv,2-theta,FC_subj08,FC_subj03,0.7647077695372259
724,aec,3-alfa,FC_subj08,FC_subj03,0.6488797604549084
725,plv,3-alfa,FC_subj08,FC_subj03,0.7517244451107182
726,aec,4-beta,FC_subj08,FC_subj03,0.5896690544137413
727,plv,4-beta,FC_subj08,FC_subj03,0.7532475412348448
728,aec,5-gamma,FC_subj08,FC_subj03,0.6767833627201665
729,plv,5-gamma,FC_subj08,FC_subj03,0.7662234654231398
730,aec,1-delta,FC_subj08,FC_subj04,0.5767372601893886
731,plv,1-delta,FC_subj08,FC_subj04,0.7006083120295492
732,aec,2-theta,FC_subj08,FC_subj04,0.5962446945165139
733,plv,2-theta,FC_subj08,FC_subj04,0.7068510467285887
734,aec,3-alfa,FC_subj08,FC_subj04,0.6211648575993334
735,plv,3-alfa,FC_subj08,FC_subj04,0.7282429015886365
736,aec,4-beta,FC_subj08,FC_subj04,0.5959717192146213
737,plv,4-beta,FC_subj08,FC_subj04,0.7547963740193845
738,aec,5-gamma,FC_subj08,FC_subj04,0.638187351587053
739,plv,5-gamma,FC_subj08,FC_subj04,0.7358044098049179
740,aec,1-delta,FC_subj08,FC_subj05,0.5492313319042224
741,plv,1-delta,FC_subj08,FC_subj05,0.7261541847474821
742,aec,2-theta,FC_subj08,FC_subj05,0.5836629060678716
743,plv,2-theta,FC_subj08,FC_subj05,0.712427874995096
744,aec,3-alfa,FC_subj08,FC_subj05,0.6092815289236198
745,plv,3-alfa,FC_subj08,FC_subj05,0.6917215215492981
746,aec,4-beta,FC_subj08,FC_subj05,0.6064387733958141
747,plv,4-beta,FC_subj08,FC_subj05,0.7093376771467795
748,aec,5-gamma,FC_subj08,FC_subj05,0.6365820439201036
749,plv,5-gamma,FC_subj08,FC_subj05,0.7367304965426202
750,aec,1-delta,FC_subj08,FC_subj06,0.6071397622764382
751,plv,1-delta,FC_subj08,FC_subj06,0.7004212535473194
752,aec,2-theta,FC_subj08,FC_subj06,0.61154600212631
753,plv,2-theta,FC_subj08,FC_subj06,0.6821140945973434
754,aec,3-alfa,FC_subj08,FC_subj06,0.6123848327404486
755,plv,3-alfa,FC_subj08,FC_subj06,0.7023394075819205
756,aec,4-beta,FC_subj08,FC_subj06,0.6648882032070671
757,plv,4-beta,FC_subj08,FC_subj06,0.7083280558991979
758,aec,5-gamma,FC_subj08,FC_subj06,0.6347199020044018
759,plv,5-gamma,FC_subj08,FC_subj06,0.6795222543215474
760,aec,1-delta,FC_subj08,FC_subj07,0.5924697443756992
761,plv,1-delta,FC_subj08,FC_subj07,0.6790736490921566
762,aec,2-theta,FC_subj08,FC_subj07,0.6179837180168476
763,plv,2-theta,FC_subj08,FC_subj07,0.6628967866455316
764,aec,3-alfa,FC_subj08,FC_subj07,0.6856291348317668
765,plv,3-alfa,FC_subj08,FC_subj07,0.7025212574043508
766,aec,4-beta,FC_subj08,FC_subj07,0.6472998008532508
767,plv,4-beta,FC_subj08,FC_subj07,0.6917714816291222
768,aec,5-gamma,FC_subj08,FC_subj07,0.6506156018703723
769,plv,5-gamma,FC_subj08,FC_subj07,0.7157739476284206
770,aec,1-delta,FC_subj08,FC_subj08,0.9999999999999999
771,plv,1-delta,FC_subj08,FC_subj08,1.0
772,aec,2-theta,FC_subj08,FC_subj08,1.0
773,plv,2-theta,FC_subj08,FC_subj08,1.0
774,aec,3-alfa,FC_subj08,FC_subj08,1.0
775,plv,3-alfa,FC_subj08,FC_subj08,0.9999999999999998
776,aec,4-beta,FC_subj08,FC_subj08,1.0
777,plv,4-beta,FC_subj08,FC_subj08,1.0
778,aec,5-gamma,FC_subj08,FC_subj08,1.0
779,plv,5-gamma,FC_subj08,FC_subj08,1.0
780,aec,1-delta,FC_subj08,FC_subj09,0.5554027360115763
781,plv,1-delta,FC_subj08,FC_subj09,0.6287499842677441
782,aec,2-theta,FC_subj08,FC_subj09,0.5461248932408679
783,plv,2-theta,FC_subj08,FC_subj09,0.6175668323065432
784,aec,3-alfa,FC_subj08,FC_subj09,0.5511846250764298
785,plv,3-alfa,FC_subj08,FC_subj09,0.5758474542130116
786,aec,4-beta,FC_subj08,FC_subj09,0.6188595196347575
787,plv,4-beta,FC_subj08,FC_subj09,0.6176950978652879
788,aec,5-gamma,FC_subj08,FC_subj09,0.631305092279541
789,plv,5-gamma,FC_subj08,FC_subj09,0.6249163555858437
790,aec,1-delta,FC_subj08,FC_subj10,0.6163597569225392
791,plv,1-delta,FC_subj08,FC_subj10,0.70308626317351
792,aec,2-theta,FC_subj08,FC_subj10,0.6206096969552766
793,plv,2-theta,FC_subj08,FC_subj10,0.7107909891403404
794,aec,3-alfa,FC_subj08,FC_subj10,0.6004790823497381
795,plv,3-alfa,FC_subj08,FC_subj10,0.7163907381624011
796,aec,4-beta,FC_subj08,FC_subj10,0.6397408725468681
797,plv,4-beta,FC_subj08,FC_subj10,0.7203578693439481
798,aec,5-gamma,FC_subj08,FC_subj10,0.6756233377560509
799,plv,5-gamma,FC_subj08,FC_subj10,0.7192893280073505
800,aec,1-delta,FC_subj09,.1973WilsonCowan,-0.002466221415914649
801,plv,1-delta,FC_subj09,.1973WilsonCowan,0.03327607356345508
802,aec,2-theta,FC_subj09,.1973WilsonCowan,0.018932921712735445
803,plv,2-theta,FC_subj09,.1973WilsonCowan,0.1116020070602948
804,aec,3-alfa,FC_subj09,.1973WilsonCowan,0.013886473173358666
805,plv,3-alfa,FC_subj09,.1973WilsonCowan,0.16670004479407793
806,aec,4-beta,FC_subj09,.1973WilsonCowan,0.06450434458729598
807,plv,4-beta,FC_subj09,.1973WilsonCowan,0.13179452578188808
808,aec,5-gamma,FC_subj09,.1973WilsonCowan,0.06939590751943983
809,plv,5-gamma,FC_subj09,.1973WilsonCowan,0.03540724126572765
810,aec,1-delta,FC_subj09,FC_subj02,0.6294211319993436
811,plv,1-delta,FC_subj09,FC_subj02,0.6979971645613594
812,aec,2-theta,FC_subj09,FC_subj02,0.589200428156771
813,plv,2-theta,FC_subj09,FC_subj02,0.7168363130944877
814,aec,3-alfa,FC_subj09,FC_subj02,0.6308225293626017
815,plv,3-alfa,FC_subj09,FC_subj02,0.7101163930981333
816,aec,4-beta,FC_subj09,FC_subj02,0.6123628648427998
817,plv,4-beta,FC_subj09,FC_subj02,0.7034012303386212
818,aec,5-gamma,FC_subj09,FC_subj02,0.6255329849588275
819,plv,5-gamma,FC_subj09,FC_subj02,0.6728087704094545
820,aec,1-delta,FC_subj09,FC_subj03,0.5961751034660301
821,plv,1-delta,FC_subj09,FC_subj03,0.6552892444510153
822,aec,2-theta,FC_subj09,FC_subj03,0.6091355462639229
823,plv,2-theta,FC_subj09,FC_subj03,0.6599297097075896
824,aec,3-alfa,FC_subj09,FC_subj03,0.620790303575333
825,plv,3-alfa,FC_subj09,FC_subj03,0.6221243406885999
826,aec,4-beta,FC_subj09,FC_subj03,0.4892549540217882
827,plv,4-beta,FC_subj09,FC_subj03,0.6610838266214031
828,aec,5-gamma,FC_subj09,FC_subj03,0.653502685206252
829,plv,5-gamma,FC_subj09,FC_subj03,0.6730849121020277
830,aec,1-delta,FC_subj09,FC_subj04,0.5878143311349161
831,plv,1-delta,FC_subj09,FC_subj04,0.6750536320000317
832,aec,2-theta,FC_subj09,FC_subj04,0.595419788835469
833,plv,2-theta,FC_subj09,FC_subj04,0.6811859087873015
834,aec,3-alfa,FC_subj09,FC_subj04,0.5388911090836161
835,plv,3-alfa,FC_subj09,FC_subj04,0.6674626060030507
836,aec,4-beta,FC_subj09,FC_subj04,0.5965376912542611
837,plv,4-beta,FC_subj09,FC_subj04,0.6942213283219524
838,aec,5-gamma,FC_subj09,FC_subj04,0.6481407048825494
839,plv,5-gamma,FC_subj09,FC_subj04,0.6884219937327422
840,aec,1-delta,FC_subj09,FC_subj05,0.6412817554603818
841,plv,1-delta,FC_subj09,FC_subj05,0.7290528174113852
842,aec,2-theta,FC_subj09,FC_subj05,0.6204758856707442
843,plv,2-theta,FC_subj09,FC_subj05,0.7373707783687193
844,aec,3-alfa,FC_subj09,FC_subj05,0.6496352667687659
845,plv,3-alfa,FC_subj09,FC_subj05,0.7202227614247342
846,aec,4-beta,FC_subj09,FC_subj05,0.6065696658136673
847,plv,4-beta,FC_subj09,FC_subj05,0.719171934546719
848,aec,5-gamma,FC_subj09,FC_subj05,0.6798102000341538
849,plv,5-gamma,FC_subj09,FC_subj05,0.7203894301222816
850,aec,1-delta,FC_subj09,FC_subj06,0.6532233550549722
851,plv,1-delta,FC_subj09,FC_subj06,0.7298419344474824
852,aec,2-theta,FC_subj09,FC_subj06,0.6569343290008516
853,plv,2-theta,FC_subj09,FC_subj06,0.7578890079111215
854,aec,3-alfa,FC_subj09,FC_subj06,0.6168785486910866
855,plv,3-alfa,FC_subj09,FC_subj06,0.718456514634924
856,aec,4-beta,FC_subj09,FC_subj06,0.6576353001558745
857,plv,4-beta,FC_subj09,FC_subj06,0.7385647868881868
858,aec,5-gamma,FC_subj09,FC_subj06,0.6831095311317221
859,plv,5-gamma,FC_subj09,FC_subj06,0.7536725082163688
860,aec,1-delta,FC_subj09,FC_subj07,0.68770661925476
861,plv,1-delta,FC_subj09,FC_subj07,0.7805780157326372
862,aec,2-theta,FC_subj09,FC_subj07,0.688592115140679
863,plv,2-theta,FC_subj09,FC_subj07,0.7885587741709811
864,aec,3-alfa,FC_subj09,FC_subj07,0.6619793352526177
865,plv,3-alfa,FC_subj09,FC_subj07,0.7430876153990219
866,aec,4-beta,FC_subj09,FC_subj07,0.6472187386280671
867,plv,4-beta,FC_subj09,FC_subj07,0.7758629561327955
868,aec,5-gamma,FC_subj09,FC_subj07,0.7219851883409
869,plv,5-gamma,FC_subj09,FC_subj07,0.7745735187948206
870,aec,1-delta,FC_subj09,FC_subj08,0.5554027360115763
871,plv,1-delta,FC_subj09,FC_subj08,0.6287499842677441
872,aec,2-theta,FC_subj09,FC_subj08,0.5461248932408678
873,plv,2-theta,FC_subj09,FC_subj08,0.6175668323065432
874,aec,3-alfa,FC_subj09,FC_subj08,0.5511846250764298
875,plv,3-alfa,FC_subj09,FC_subj08,0.5758474542130116
876,aec,4-beta,FC_subj09,FC_subj08,0.6188595196347574
877,plv,4-beta,FC_subj09,FC_subj08,0.6176950978652879
878,aec,5-gamma,FC_subj09,FC_subj08,0.631305092279541
879,plv,5-gamma,FC_subj09,FC_subj08,0.6249163555858437
880,aec,1-delta,FC_subj09,FC_subj09,0.9999999999999998
881,plv,1-delta,FC_subj09,FC_subj09,1.0
882,aec,2-theta,FC_subj09,FC_subj09,0.9999999999999998
883,plv,2-theta,FC_subj09,FC_subj09,0.9999999999999998
884,aec,3-alfa,FC_subj09,FC_subj09,1.0
885,plv,3-alfa,FC_subj09,FC_subj09,1.0
886,aec,4-beta,FC_subj09,FC_subj09,1.0
887,plv,4-beta,FC_subj09,FC_subj09,1.0
888,aec,5-gamma,FC_subj09,FC_subj09,1.0
889,plv,5-gamma,FC_subj09,FC_subj09,1.0
890,aec,1-delta,FC_subj09,FC_subj10,0.6347682084386542
891,plv,1-delta,FC_subj09,FC_subj10,0.7557734519221192
892,aec,2-theta,FC_subj09,FC_subj10,0.6996252967554571
893,plv,2-theta,FC_subj09,FC_subj10,0.764541292604241
894,aec,3-alfa,FC_subj09,FC_subj10,0.6583476964794738
895,plv,3-alfa,FC_subj09,FC_subj10,0.7320764798273367
896,aec,4-beta,FC_subj09,FC_subj10,0.6701228008351775
897,plv,4-beta,FC_subj09,FC_subj10,0.7529033963536419
898,aec,5-gamma,FC_subj09,FC_subj10,0.7080356230664517
899,plv,5-gamma,FC_subj09,FC_subj10,0.7419200620507206
900,aec,1-delta,FC_subj10,.1973WilsonCowan,-0.026731862654803536
901,plv,1-delta,FC_subj10,.1973WilsonCowan,0.026867859702088936
902,aec,2-theta,FC_subj10,.1973WilsonCowan,0.02008048631339805
903,plv,2-theta,FC_subj10,.1973WilsonCowan,0.1085692251079689
904,aec,3-alfa,FC_subj10,.1973WilsonCowan,0.03883629151335701
905,plv,3-alfa,FC_subj10,.1973WilsonCowan,0.17651438991448523
906,aec,4-beta,FC_subj10,.1973WilsonCowan,0.061134119238398205
907,plv,4-beta,FC_subj10,.1973WilsonCowan,0.1336411066612913
908,aec,5-gamma,FC_subj10,.1973WilsonCowan,0.037973452164138485
909,plv,5-gamma,FC_subj10,.1973WilsonCowan,0.03529343020351008
910,aec,1-delta,FC_subj10,FC_subj02,0.7002145724796277
911,plv,1-delta,FC_subj10,FC_subj02,0.7565573369123513
912,aec,2-theta,FC_subj10,FC_subj02,0.6523907449713316
913,plv,2-theta,FC_subj10,FC_subj02,0.7759701863684894
914,aec,3-alfa,FC_subj10,FC_subj02,0.6105422592146114
915,plv,3-alfa,FC_subj10,FC_subj02,0.7447033949137973
916,aec,4-beta,FC_subj10,FC_subj02,0.5710765784135196
917,plv,4-beta,FC_subj10,FC_subj02,0.7568180583707927
918,aec,5-gamma,FC_subj10,FC_subj02,0.657562379732432
919,plv,5-gamma,FC_subj10,FC_subj02,0.753738128480393
920,aec,1-delta,FC_subj10,FC_subj03,0.61871068831571
921,plv,1-delta,FC_subj10,FC_subj03,0.7195351363793256
922,aec,2-theta,FC_subj10,FC_subj03,0.6628580814590052
923,plv,2-theta,FC_subj10,FC_subj03,0.7453490422834487
924,aec,3-alfa,FC_subj10,FC_subj03,0.6671178509567879
925,plv,3-alfa,FC_subj10,FC_subj03,0.7285431570533223
926,aec,4-beta,FC_subj10,FC_subj03,0.518164023640691
927,plv,4-beta,FC_subj10,FC_subj03,0.7475476217873778
928,aec,5-gamma,FC_subj10,FC_subj03,0.6818768961043664
929,plv,5-gamma,FC_subj10,FC_subj03,0.7308333040127604
930,aec,1-delta,FC_subj10,FC_subj04,0.6299063807647676
931,plv,1-delta,FC_subj10,FC_subj04,0.7209568255226686
932,aec,2-theta,FC_subj10,FC_subj04,0.6402963928678731
933,plv,2-theta,FC_subj10,FC_subj04,0.7380648111815683
934,aec,3-alfa,FC_subj10,FC_subj04,0.5813217975419959
935,plv,3-alfa,FC_subj10,FC_subj04,0.7226650099877657
936,aec,4-beta,FC_subj10,FC_subj04,0.6246738538459572
937,plv,4-beta,FC_subj10,FC_subj04,0.7528369143633866
938,aec,5-gamma,FC_subj10,FC_subj04,0.6720167832203555
939,plv,5-gamma,FC_subj10,FC_subj04,0.7509384884412836
940,aec,1-delta,FC_subj10,FC_subj05,0.6167275060980405
941,plv,1-delta,FC_subj10,FC_subj05,0.7691161547958997
942,aec,2-theta,FC_subj10,FC_subj05,0.7041691728511834
943,plv,2-theta,FC_subj10,FC_subj05,0.7837206604568211
944,aec,3-alfa,FC_subj10,FC_subj05,0.6989004187635015
945,plv,3-alfa,FC_subj10,FC_subj05,0.7781356475010519
946,aec,4-beta,FC_subj10,FC_subj05,0.5784137140969549
947,plv,4-beta,FC_subj10,FC_subj05,0.7943066234265865
948,aec,5-gamma,FC_subj10,FC_subj05,0.6923831138296288
949,plv,5-gamma,FC_subj10,FC_subj05,0.7910468252451088
950,aec,1-delta,FC_subj10,FC_subj06,0.6256761965935881
951,plv,1-delta,FC_subj10,FC_subj06,0.7237741571068903
952,aec,2-theta,FC_subj10,FC_subj06,0.6544807987337344
953,plv,2-theta,FC_subj10,FC_subj06,0.7489856536801383
954,aec,3-alfa,FC_subj10,FC_subj06,0.5370912459218605
955,plv,3-alfa,FC_subj10,FC_subj06,0.7484569449912871
956,aec,4-beta,FC_subj10,FC_subj06,0.6303302069175759
957,plv,4-beta,FC_subj10,FC_subj06,0.7538855801186686
958,aec,5-gamma,FC_subj10,FC_subj06,0.6522542331423796
959,plv,5-gamma,FC_subj10,FC_subj06,0.7289473637435612
960,aec,1-delta,FC_subj10,FC_subj07,0.7238009070432029
961,plv,1-delta,FC_subj10,FC_subj07,0.8042297829346973
962,aec,2-theta,FC_subj10,FC_subj07,0.7348874794986588
963,plv,2-theta,FC_subj10,FC_subj07,0.8219262147164197
964,aec,3-alfa,FC_subj10,FC_subj07,0.6781322098372314
965,plv,3-alfa,FC_subj10,FC_subj07,0.8246860669479104
966,aec,4-beta,FC_subj10,FC_subj07,0.6855731159589531
967,plv,4-beta,FC_subj10,FC_subj07,0.8346441060383574
968,aec,5-gamma,FC_subj10,FC_subj07,0.7334106813236085
969,plv,5-gamma,FC_subj10,FC_subj07,0.8214707845435762
970,aec,1-delta,FC_subj10,FC_subj08,0.6163597569225392
971,plv,1-delta,FC_subj10,FC_subj08,0.7030862631735099
972,aec,2-theta,FC_subj10,FC_subj08,0.6206096969552766
973,plv,2-theta,FC_subj10,FC_subj08,0.7107909891403404
974,aec,3-alfa,FC_subj10,FC_subj08,0.6004790823497381
975,plv,3-alfa,FC_subj10,FC_subj08,0.716390738162401
976,aec,4-beta,FC_subj10,FC_subj08,0.639740872546868
977,plv,4-beta,FC_subj10,FC_subj08,0.7203578693439482
978,aec,5-gamma,FC_subj10,FC_subj08,0.6756233377560508
979,plv,5-gamma,FC_subj10,FC_subj08,0.7192893280073503
980,aec,1-delta,FC_subj10,FC_subj09,0.6347682084386543
981,plv,1-delta,FC_subj10,FC_subj09,0.7557734519221192
982,aec,2-theta,FC_subj10,FC_subj09,0.699625296755457
983,plv,2-theta,FC_subj10,FC_subj09,0.764541292604241
984,aec,3-alfa,FC_subj10,FC_subj09,0.6583476964794738
985,plv,3-alfa,FC_subj10,FC_subj09,0.7320764798273367
986,aec,4-beta,FC_subj10,FC_subj09,0.6701228008351775
987,plv,4-beta,FC_subj10,FC_subj09,0.7529033963536419
988,aec,5-gamma,FC_subj10,FC_subj09,0.7080356230664518
989,plv,5-gamma,FC_subj10,FC_subj09,0.7419200620507206
990,aec,1-delta,FC_subj10,FC_subj10,1.0
991,plv,1-delta,FC_subj10,FC_subj10,1.0
992,aec,2-theta,FC_subj10,FC_subj10,1.0
993,plv,2-theta,FC_subj10,FC_subj10,1.0
994,aec,3-alfa,FC_subj10,FC_subj10,0.9999999999999998
995,plv,3-alfa,FC_subj10,FC_subj10,1.0
996,aec,4-beta,FC_subj10,FC_subj10,1.0
997,plv,4-beta,FC_subj10,FC_subj10,1.0
998,aec,5-gamma,FC_subj10,FC_subj10,0.9999999999999998
999,plv,5-gamma,FC_subj10,FC_subj10,0.9999999999999998
